,AnimalModels,Anthropoids,BronzeTools,BuildingMethodsAndFacilities,BurialTradition2,CanaaniteStelae,CarpenterTools,ChalcolitePeriod,ClayAmphorae,Coins,ColumnNearCoffins,CraftsAndArts,Cyprus,DecoratedDoors,DuckBoxIvories,EntranceGallileeRebellion,EntranceReubenHecht,EverydayPottery,Gems,GlassOvenVessels,GreeceEgypt,ImportedPottery,IvoryWomanPhoenician,Jerusalem,JerusalemPhoto,JewishCoffins,LeadCoffinMosaic,MaritimeArcheology,MaritimeCommerce,MaterialCultures,MenorahJewishEpigraphy,MosaicfromSynagogue,MuseumMotto,OilLamps,PersianCult,PhoenicianWriting1,Phoenicians,Pottery,ReligionAndCult,RomanDivinitiesStatuettes,SevenSpecies,ShipBack,ShipBigScreen,ShipEntrance,ShipFront,StairsToBathroom,StoneVesselsBowl,SymbolsJewishMenorah,TempleMount,UpperFloorEntrance,Weights,WoodenTools
visitor 000.csv,?,?,0,0,0,?,?,0,?,?,?,0,?,?,?,0,1,0,?,0,?,?,?,?,1,0,?,0,?,0,?,?,?,?,0,0,0,?,1,0,?,?,0,0,0,?,?,2,?,0,?,1
visitor 001.csv,?,?,0,0,0,?,?,0,?,?,?,0,?,?,?,0,0,0,?,0,?,?,?,?,1,0,?,0,?,0,?,?,?,?,0,0,?,?,1,0,?,?,0,0,0,?,?,1,?,0,?,1
visitor 002.csv,?,?,0,?,?,?,?,?,?,?,0,?,?,?,0,0,1,0,?,3,?,?,?,?,1,0,0,?,?,?,?,?,?,?,0,?,?,?,?,0,?,0,?,0,2,?,1,3,?,?,?,1
visitor 003.csv,?,?,1,0,?,?,?,?,0,?,0,?,?,?,1,0,?,0,?,?,?,?,0,0,0,0,0,1,0,0,?,1,?,?,0,0,?,?,0,0,?,?,0,0,2,?,0,1,?,0,?,0
visitor 004.csv,?,0,?,?,?,?,?,?,?,?,?,?,?,?,?,?,100,?,?,?,?,?,?,?,0,0,?,?,?,0,?,?,?,?,?,?,?,?,?,0,?,?,?,?,?,?,?,2,?,0,?,?
visitor 005.csv,0,?,?,?,0,0,0,?,0,?,?,?,?,?,0,?,1,?,?,0,?,0,?,?,0,0,?,?,0,0,0,0,?,?,?,0,0,0,0,?,?,2,?,?,0,?,0,0,?,0,?,?
visitor 006.csv,?,?,?,0,?,?,?,0,?,?,?,0,0,?,?,0,1,?,?,0,?,0,?,0,0,?,?,?,?,0,?,0,?,?,?,0,0,?,?,?,?,?,?,0,1,?,?,2,?,0,?,?
visitor 007.csv,?,?,?,?,?,?,?,0,?,?,?,?,?,?,?,?,1,?,?,?,?,?,?,?,?,?,?,?,?,0,?,?,?,?,?,?,?,?,?,?,?,?,?,?,1,?,?,0,?,?,?,?
visitor 008.csv,?,?,?,?,?,?,?,?,?,?,0,?,?,?,0,?,5,?,?,?,?,?,?,?,1,?,2,?,?,?,?,?,?,?,?,?,?,?,?,?,?,3,?,?,0,?,?,0,?,?,?,?
visitor 009.csv,?,?,?,?,?,?,?,0,?,?,?,?,?,?,0,0,2,0,?,?,?,?,?,?,0,?,?,?,?,?,0,?,?,?,0,0,0,?,0,?,?,?,0,0,0,?,?,0,?,?,?,0
visitor 010.csv,?,0,?,?,?,?,?,0,0,?,0,?,?,?,0,0,6,?,?,?,?,?,0,?,0,0,?,?,?,0,?,?,?,?,?,?,?,?,?,0,?,0,?,?,0,?,?,2,?,?,?,?
visitor 011.csv,1,2,?,?,?,?,?,?,?,?,0,?,?,?,?,0,0,?,?,?,?,?,?,?,1,1,0,?,?,0,0,0,?,?,0,?,?,?,?,0,?,100,?,?,1,?,0,1,?,?,?,?
visitor 012.csv,0,0,0,?,?,0,?,?,?,?,0,0,?,?,0,?,1,?,?,?,?,?,?,?,?,0,0,?,?,0,0,?,?,?,?,?,?,?,?,0,?,7,?,?,0,?,0,0,?,?,?,?
visitor 013.csv,1,0,?,0,0,1,?,0,1,?,1,0,?,?,1,?,0,0,?,?,?,0,1,?,1,0,?,?,0,0,1,?,?,?,0,2,0,?,1,1,?,6,0,0,0,?,?,0,?,?,?,0
visitor 014.csv,1,0,0,?,?,?,?,2,0,0,0,0,1,?,0,0,0,?,0,0,?,?,0,2,1,2,?,?,?,0,?,?,?,?,0,?,?,?,?,1,?,?,?,0,1,?,?,0,0,0,1,?
visitor 015.csv,?,?,0,?,?,?,?,0,?,?,?,?,?,?,?,?,0,?,?,?,?,?,?,?,?,?,?,?,?,0,?,?,?,?,?,?,?,?,?,?,?,?,?,0,1,0,0,0,?,?,?,?
visitor 016.csv,1,0,?,0,?,0,?,0,0,0,1,1,0,?,2,0,0,?,0,0,3,0,3,?,0,2,0,?,?,0,?,1,?,0,0,0,0,?,?,1,0,0,?,0,2,0,?,2,?,0,0,0
visitor 017.csv,1,1,?,?,?,0,?,0,0,?,0,?,?,0,0,?,0,?,?,?,?,?,0,?,?,5,?,?,?,?,2,?,?,?,0,?,?,?,?,3,?,?,?,?,?,?,?,0,?,?,?,?
visitor 018.csv,?,0,?,1,1,3,4,1,2,3,1,1,1,?,0,?,1,0,1,1,?,2,?,1,0,0,?,2,2,1,?,1,?,0,?,4,1,2,?,0,?,0,?,0,3,?,?,1,0,1,?,0
visitor 019.csv,?,?,?,?,?,0,0,0,0,0,0,0,?,?,0,0,?,0,0,?,?,0,?,?,1,0,0,?,?,0,?,?,?,0,0,?,1,0,0,?,0,?,0,0,0,?,?,3,?,0,0,0
visitor 020.csv,?,?,?,?,?,?,?,?,?,?,?,?,?,?,?,?,0,?,?,?,?,?,?,?,?,?,?,?,?,0,?,?,?,?,?,?,?,?,?,?,?,?,?,?,?,?,?,0,?,?,?,?
visitor 021.csv,?,?,?,?,0,?,?,?,?,?,?,0,?,?,?,?,0,?,?,?,1,?,?,?,?,?,?,?,0,0,?,?,?,?,?,?,?,?,?,?,?,?,?,?,0,?,?,2,?,0,?,?
visitor 022.csv,?,?,?,?,?,?,?,0,?,?,?,?,?,?,?,?,0,?,?,?,?,?,?,?,?,?,?,?,?,?,?,?,?,?,?,?,?,?,?,?,?,?,?,?,0,?,?,0,?,?,?,?
visitor 023.csv,?,?,?,?,?,0,?,?,1,?,0,?,?,?,1,?,0,1,?,?,?,?,0,1,0,?,?,?,?,1,?,0,?,?,?,?,?,?,?,?,?,?,0,0,0,?,?,0,?,0,?,?
visitor 024.csv,?,?,?,?,?,?,?,?,0,?,?,?,?,?,?,?,?,0,?,?,?,?,?,?,?,0,?,?,?,1,?,?,?,?,?,0,?,?,?,?,?,?,?,?,0,?,?,?,?,?,?,?
visitor 025.csv,?,0,?,?,?,?,?,2,1,?,0,?,?,?,?,?,0,0,0,0,?,0,?,0,1,2,?,?,?,0,?,0,?,?,?,0,?,?,0,?,?,?,0,0,0,0,?,1,?,0,?,?
visitor 026.csv,?,?,?,?,?,?,?,0,?,?,?,?,?,?,?,?,?,0,?,?,?,?,?,?,?,?,?,?,?,0,?,?,?,?,?,?,?,?,?,?,?,?,?,?,?,?,?,1,?,?,?,?
visitor 027.csv,?,?,?,?,?,?,?,0,?,?,0,?,?,?,?,?,0,?,?,?,?,?,?,?,1,0,0,?,?,0,0,?,?,?,?,?,?,?,?,0,?,?,?,?,?,?,?,1,?,?,?,?
visitor 028.csv,?,?,?,?,?,?,?,?,?,?,?,?,?,?,?,0,1,0,?,1,?,?,?,?,?,?,?,?,?,0,?,?,?,?,0,?,0,?,0,?,?,?,0,0,0,?,?,?,?,?,?,?
visitor 029.csv,?,?,?,?,?,?,0,?,?,0,?,?,?,?,?,?,?,?,?,?,0,?,?,?,?,2,?,0,0,?,?,?,?,?,?,?,?,0,0,?,?,?,?,?,0,?,?,?,?,0,?,?
visitor 030.csv,?,0,0,0,0,?,?,?,1,?,0,0,1,?,?,?,?,?,?,0,?,?,?,?,?,1,0,?,?,0,0,?,?,?,?,?,?,?,2,0,?,?,?,0,1,?,?,?,?,?,3,0
visitor 031.csv,?,0,0,?,?,?,?,?,?,?,0,?,?,?,0,0,?,?,?,0,?,?,0,?,0,0,?,?,?,0,?,0,?,?,0,0,?,?,0,?,?,?,?,?,0,?,0,1,?,?,?,0
visitor 032.csv,?,?,?,?,?,?,?,?,?,?,?,?,?,?,?,?,?,?,?,?,?,?,?,?,?,?,?,?,?,?,?,?,?,?,?,?,?,?,?,?,?,?,?,?,?,?,?,0,?,?,?,?
visitor 033.csv,?,0,?,?,?,?,?,0,?,?,?,?,?,?,0,0,0,0,?,?,?,?,?,?,?,0,?,?,?,0,?,?,?,?,?,?,?,?,?,?,?,?,?,0,0,?,?,1,?,0,?,0
visitor 034.csv,?,?,?,?,?,?,?,2,?,?,?,?,?,?,?,?,1,0,?,?,?,?,?,?,?,?,?,?,0,0,1,?,?,?,?,0,0,?,?,?,?,?,?,?,?,?,?,3,?,?,?,?
visitor 035.csv,?,?,?,?,?,?,?,0,?,?,?,?,?,?,?,?,100,?,?,?,?,?,?,?,?,?,?,?,?,0,?,?,?,?,?,?,?,?,?,?,?,?,?,?,?,?,?,3,?,?,?,?
visitor 036.csv,?,0,1,?,?,0,?,?,0,?,0,0,?,?,0,0,?,0,?,0,0,0,?,0,0,0,?,?,0,0,?,0,?,?,0,?,?,?,0,?,?,?,?,?,?,0,0,1,?,0,?,0
visitor 037.csv,?,0,?,?,0,0,?,?,0,1,0,?,?,?,0,1,0,?,?,0,0,0,0,?,0,?,0,?,0,0,2,1,?,?,0,1,?,?,0,?,?,0,?,?,0,?,1,1,0,0,?,0
visitor 038.csv,?,0,?,?,0,0,?,1,0,?,1,?,?,?,?,0,0,0,1,1,1,?,?,1,0,?,?,?,0,?,0,1,?,?,?,0,0,?,?,?,?,?,?,?,1,?,?,1,?,0,?,?
visitor 039.csv,?,?,?,?,?,?,?,?,?,?,?,?,?,?,?,?,0,0,?,?,?,?,?,?,?,?,?,?,?,?,?,?,?,?,?,?,?,?,?,?,?,?,?,?,0,?,?,?,?,?,?,?
visitor 040.csv,?,?,0,?,?,0,?,0,0,0,?,?,?,?,0,?,?,?,?,?,?,?,0,?,0,?,?,?,?,1,?,0,?,?,0,0,0,?,?,?,?,?,?,0,1,0,?,0,?,?,?,0
visitor 041.csv,?,?,0,?,?,?,?,?,?,?,?,0,?,?,?,?,4,0,?,?,?,0,?,?,0,?,?,?,?,0,?,0,?,?,0,0,0,?,0,?,?,?,?,?,?,?,?,2,?,?,?,?
visitor 042.csv,?,?,?,?,?,?,?,?,?,?,?,?,?,?,?,?,1,?,?,?,?,?,?,?,?,?,?,?,?,0,?,?,?,?,?,?,?,?,?,?,?,?,?,?,?,?,?,1,?,?,?,?
visitor 043.csv,?,?,?,0,1,?,?,1,?,?,?,0,?,?,0,?,1,0,?,?,?,0,?,?,0,?,?,?,?,0,?,?,?,?,?,?,0,?,?,?,?,?,?,?,2,?,?,0,?,?,?,?
visitor 044.csv,?,?,?,0,?,0,?,?,0,?,0,?,?,?,?,0,0,?,?,?,?,?,?,?,?,?,?,0,?,?,?,0,?,?,?,?,?,1,?,0,?,?,?,?,0,?,0,0,?,?,?,?
visitor 045.csv,?,?,?,?,?,?,?,?,?,0,?,?,?,?,?,?,2,?,0,?,?,?,?,?,0,?,?,?,?,0,?,?,?,?,?,?,?,?,?,?,?,?,?,0,?,?,?,0,?,?,0,?
visitor 046.csv,?,?,?,?,?,?,?,?,?,0,?,?,?,?,0,?,1,?,0,?,?,?,?,?,0,?,?,?,?,0,?,?,?,?,?,?,?,?,?,?,?,?,?,?,?,?,?,0,?,?,?,?
visitor 047.csv,?,?,?,?,?,0,?,0,?,?,?,?,?,?,0,0,0,?,?,?,?,?,?,?,0,?,?,?,?,0,?,?,?,?,0,?,?,?,?,?,?,?,?,?,?,?,?,3,?,?,?,?
visitor 048.csv,?,0,?,0,?,0,0,0,0,?,?,0,?,?,0,0,0,0,?,0,?,0,0,?,?,1,?,?,?,0,0,0,?,?,?,0,?,0,?,0,?,?,0,?,0,0,0,0,?,?,?,?
visitor 049.csv,?,0,0,0,0,0,0,0,0,?,0,0,?,?,0,0,0,0,?,0,?,?,0,?,0,0,?,0,0,0,?,?,?,?,?,0,0,0,0,0,?,?,0,?,0,?,?,0,?,?,?,?
visitor 050.csv,?,0,?,0,?,0,?,0,0,?,0,?,?,?,1,?,0,0,?,0,?,0,?,?,?,0,?,?,?,2,?,?,?,?,?,0,0,?,?,0,?,?,?,0,?,?,0,2,?,?,?,0
visitor 051.csv,0,?,0,?,?,0,?,0,0,0,?,?,?,?,0,0,?,?,?,0,?,?,0,0,0,?,?,?,?,1,?,0,?,?,0,?,0,?,?,?,0,?,?,?,?,0,?,1,?,?,?,0
visitor 052.csv,?,?,?,?,?,?,?,?,?,?,?,?,?,?,?,?,2,?,?,?,?,?,?,?,0,?,?,?,?,0,?,?,?,?,?,?,?,?,?,?,?,?,?,?,?,?,?,1,?,?,?,?
visitor 053.csv,0,0,?,?,?,2,?,0,?,?,?,?,?,?,?,?,0,?,?,1,?,?,1,?,0,1,?,?,?,0,0,?,?,?,?,?,?,?,?,?,?,?,?,?,?,?,?,0,?,?,?,?
visitor 054.csv,?,?,0,0,0,?,0,?,?,?,?,0,?,?,?,?,?,2,?,0,?,0,?,?,0,?,?,0,?,1,?,0,?,?,0,2,1,2,0,?,?,0,0,0,1,?,?,1,?,?,?,?
visitor 055.csv,?,?,0,0,0,?,0,?,?,?,?,0,?,?,?,?,?,0,?,0,?,?,?,?,1,?,?,?,0,0,?,?,?,?,0,3,0,2,?,?,?,0,1,0,0,?,?,0,?,?,?,0
visitor 056.csv,0,0,0,0,?,0,?,?,0,?,?,?,?,?,0,0,?,0,?,0,?,0,0,?,0,0,1,?,?,0,1,0,?,?,0,0,0,?,0,0,?,3,0,1,1,0,?,0,?,?,?,0
visitor 057.csv,?,?,0,1,?,?,0,?,?,?,?,?,?,?,0,?,1,?,?,?,?,?,?,?,0,?,?,?,?,0,?,0,?,?,1,0,?,0,?,?,?,?,?,0,1,?,?,1,?,?,?,?
visitor 058.csv,?,0,0,?,0,0,0,?,0,0,0,0,?,?,0,?,2,0,0,0,?,0,0,?,0,0,0,0,0,0,0,0,?,?,0,0,0,0,0,0,?,0,0,0,0,?,?,1,?,?,?,0
visitor 059.csv,?,0,0,?,0,?,0,?,0,?,0,0,?,?,?,0,1,0,?,0,?,0,?,?,0,0,0,0,?,0,0,0,?,?,?,0,?,0,0,0,?,0,0,0,0,0,0,1,?,?,?,0
visitor 060.csv,?,?,1,?,0,?,1,?,?,?,?,1,?,?,?,0,0,0,?,0,?,0,?,?,0,?,?,0,0,0,?,0,?,?,1,3,2,1,0,?,?,0,0,0,1,0,0,0,?,?,?,0
visitor 061.csv,?,0,?,0,0,0,?,0,0,0,0,0,0,?,0,?,0,0,?,1,0,?,?,0,0,0,?,?,?,0,?,?,?,?,0,0,0,?,?,?,?,1,?,0,2,?,?,1,?,?,?,?
visitor 062.csv,?,?,?,?,?,?,?,0,?,?,?,?,?,?,?,?,1,?,?,?,0,?,?,?,0,0,?,?,?,0,?,?,?,?,0,?,0,?,?,0,?,?,?,?,?,?,?,0,?,?,?,?
visitor 063.csv,?,?,3,1,1,?,?,0,?,0,?,1,?,?,0,0,0,0,?,0,?,3,?,?,1,?,?,?,3,0,?,0,?,?,0,1,0,?,0,?,0,0,?,0,1,?,0,2,?,?,?,0
visitor 064.csv,?,?,0,0,1,?,?,?,?,?,?,?,?,?,?,?,?,0,?,0,?,1,?,?,1,?,?,?,1,0,?,?,?,?,0,2,0,?,?,?,?,?,?,?,3,?,?,0,?,?,?,?
visitor 065.csv,?,?,0,0,0,?,?,?,?,?,?,?,?,?,?,0,?,1,?,2,?,?,?,?,0,?,?,?,4,0,?,0,?,?,?,1,1,0,2,?,?,?,?,0,3,0,?,2,?,?,?,0
visitor 066.csv,?,0,2,0,0,?,?,0,0,0,0,0,?,0,0,0,1,2,0,0,0,0,0,0,0,0,?,?,2,1,?,0,?,?,0,4,0,?,0,?,?,0,0,0,0,?,?,1,?,?,0,0
visitor 067.csv,?,?,?,?,?,?,?,0,?,?,0,?,?,?,?,?,1,?,?,?,?,?,?,?,1,0,0,?,?,0,0,?,?,?,2,?,?,?,?,0,?,?,?,?,0,?,?,2,?,?,?,?
visitor 068.csv,?,2,?,?,?,?,?,1,?,?,0,0,?,0,?,?,100,?,?,0,?,?,?,?,1,1,?,?,0,1,1,0,?,?,2,?,0,?,?,?,?,0,?,0,0,?,0,2,?,?,?,?
visitor 069.csv,?,?,?,?,?,?,?,0,?,?,?,0,?,?,1,?,100,?,?,0,?,?,?,?,1,?,?,?,0,0,0,0,?,?,0,?,0,?,?,?,?,0,?,1,1,?,0,0,?,?,?,?
visitor 070.csv,?,?,0,0,1,?,?,?,?,?,0,?,?,?,2,?,5,?,?,?,?,?,0,?,1,0,0,?,?,0,?,?,?,?,?,0,?,?,?,?,?,?,?,?,?,?,?,0,?,?,?,0
visitor 071.csv,?,0,0,?,?,?,?,?,0,?,0,?,?,?,0,?,0,?,?,1,?,?,0,?,0,0,4,?,?,0,0,1,?,?,0,?,?,?,?,3,?,?,?,2,2,?,?,0,?,0,?,?
visitor 072.csv,?,1,0,?,?,?,?,?,0,?,?,?,?,?,?,?,7,?,?,8,?,?,0,?,?,1,1,?,?,?,0,?,?,?,?,?,?,?,?,1,?,?,?,?,?,?,?,?,?,?,?,?
visitor 073.csv,?,?,0,?,?,0,?,?,0,0,0,4,0,?,0,0,?,0,2,?,2,0,?,2,?,0,1,?,?,0,0,?,?,?,3,?,0,?,?,0,?,?,?,?,?,?,?,1,0,?,?,?
visitor 074.csv,?,?,?,?,0,?,?,?,?,?,?,0,?,?,?,?,?,0,?,0,?,0,?,?,?,?,?,?,0,0,?,0,?,?,0,0,0,?,0,?,?,?,?,?,?,?,?,0,?,?,?,?
visitor 075.csv,?,?,?,?,0,?,?,?,?,?,?,0,?,?,?,?,?,?,?,?,?,?,?,?,?,?,?,?,0,0,?,?,?,?,0,0,?,?,0,?,?,?,?,?,?,?,?,0,?,?,?,?
visitor 076.csv,?,?,?,?,0,?,?,?,?,?,?,0,?,?,?,?,0,?,?,0,?,?,?,?,0,?,?,?,?,0,?,?,?,?,?,?,0,?,0,?,?,?,?,?,?,?,?,1,?,0,?,?
visitor 077.csv,?,?,?,?,?,?,?,?,?,?,?,?,?,?,?,?,?,?,?,?,?,?,?,?,?,?,?,?,?,?,?,?,?,?,?,?,?,?,?,?,?,?,?,?,?,?,?,0,?,0,?,?
visitor 078.csv,?,?,?,0,2,?,?,?,?,?,?,?,?,?,?,0,0,?,?,?,?,0,0,?,0,0,?,?,?,0,?,?,?,?,5,?,0,?,?,0,?,0,?,0,5,?,?,0,?,?,?,?
visitor 079.csv,?,?,0,?,?,?,?,?,0,?,?,0,?,?,100,0,0,?,?,?,?,1,1,?,0,?,?,?,2,0,?,?,?,?,3,?,?,0,?,?,?,?,0,0,4,?,?,0,?,2,?,?
visitor 080.csv,?,?,?,?,?,?,?,?,?,?,?,?,?,?,1,?,0,?,?,0,?,?,?,?,?,?,?,?,?,0,?,?,?,?,?,?,?,?,?,?,?,?,0,?,2,?,?,0,?,0,?,?
visitor 081.csv,?,?,?,?,0,?,?,0,?,?,0,?,?,?,?,?,0,0,?,?,?,0,0,?,0,0,1,?,0,0,0,?,?,?,?,0,?,?,?,?,?,0,0,?,2,?,?,0,?,?,?,0
visitor 082.csv,?,0,0,?,?,0,?,?,0,?,?,?,?,?,0,0,1,?,?,0,0,?,0,0,0,0,?,?,?,0,0,?,?,?,0,?,0,0,?,?,?,0,0,0,0,?,?,0,?,0,?,?
visitor 083.csv,?,?,?,?,?,?,?,?,0,0,?,?,?,?,0,?,2,?,0,?,?,?,1,?,1,0,?,0,?,?,?,?,?,?,?,?,?,?,?,1,?,?,?,2,?,?,?,1,?,?,0,?
visitor 084.csv,?,?,?,?,?,?,?,?,?,?,?,?,?,?,?,?,100,?,?,?,?,?,?,?,?,?,?,?,?,?,?,?,?,?,?,?,?,?,?,?,?,?,?,?,?,?,?,?,?,?,?,?
visitor 085.csv,?,?,?,0,0,?,0,0,?,?,?,0,?,?,?,?,?,?,?,0,?,?,?,?,?,?,?,?,?,0,?,0,?,?,?,0,0,1,?,?,?,0,0,0,1,?,?,?,?,?,?,0
visitor 086.csv,?,0,1,0,0,?,0,?,?,?,?,2,0,?,?,?,?,0,?,2,?,0,?,0,3,0,0,0,1,5,0,0,?,0,1,1,1,0,?,?,?,0,1,?,3,?,?,0,?,0,?,?
visitor 087.csv,?,0,0,?,?,1,0,0,0,?,?,?,?,?,0,0,0,?,?,1,?,?,0,?,?,0,0,0,?,2,?,0,?,?,?,0,0,3,?,0,?,3,?,0,2,?,0,0,?,?,?,?
visitor 088.csv,?,?,100,?,?,0,?,6,2,?,?,?,?,0,?,?,0,?,?,?,?,?,2,?,?,5,2,?,?,?,?,?,?,?,6,?,?,?,?,3,?,?,?,?,?,?,?,6,?,?,?,?
visitor 089.csv,?,?,1,?,?,?,?,?,?,2,?,0,?,?,?,0,?,0,?,3,?,?,?,1,?,?,1,?,?,0,0,0,?,?,?,0,0,?,?,?,?,?,?,?,1,?,?,0,?,0,0,?
visitor 090.csv,?,0,?,?,?,?,?,?,?,?,0,?,0,?,?,?,0,0,?,?,?,?,0,?,?,0,0,?,?,0,?,0,?,?,0,?,?,?,?,?,?,?,0,0,0,?,?,0,?,?,?,?
visitor 091.csv,?,0,1,?,?,1,?,0,0,?,?,?,?,?,0,0,1,0,0,2,0,?,1,?,?,2,1,?,?,0,?,?,?,?,0,?,?,?,0,0,?,?,?,?,0,?,?,1,?,0,?,?
visitor 092.csv,?,?,0,?,?,?,?,?,?,?,?,?,?,?,?,?,?,?,?,1,?,?,?,?,?,?,?,?,?,0,?,?,?,?,?,?,0,?,?,?,?,?,?,?,?,?,?,0,?,?,?,?
visitor 093.csv,?,0,?,?,?,?,?,0,?,?,?,?,?,?,?,?,0,?,?,1,?,?,?,?,?,1,?,?,?,0,?,0,?,?,0,?,0,?,0,?,?,?,?,0,0,?,?,0,?,?,?,?
visitor 094.csv,?,?,?,?,?,?,?,?,?,?,0,?,?,?,?,?,0,0,?,0,?,?,?,?,?,0,?,?,?,0,?,0,?,?,1,0,0,?,?,?,?,?,0,?,0,?,?,0,?,?,?,0
visitor 095.csv,?,?,0,?,?,?,?,0,0,?,?,?,?,?,?,?,0,?,?,0,?,?,?,?,?,0,?,?,?,0,?,0,?,?,2,?,?,?,?,?,?,?,?,0,0,?,?,0,?,?,?,?
visitor 096.csv,?,?,0,2,?,?,0,0,?,?,?,2,?,?,0,?,4,6,?,?,?,0,?,?,?,?,?,0,?,?,?,0,?,?,3,0,0,0,?,?,?,1,?,1,4,?,?,1,?,?,?,?
visitor 097.csv,?,5,0,?,?,0,?,1,?,?,0,?,?,?,0,?,?,?,?,0,?,?,0,?,0,2,2,?,?,0,?,1,?,?,?,?,?,0,?,0,?,?,?,0,0,?,0,?,?,?,?,?
visitor 098.csv,?,?,?,0,0,100,?,?,?,?,?,0,?,?,0,?,?,0,?,?,?,1,?,?,0,?,?,?,0,0,?,?,?,?,0,0,0,?,0,?,?,1,?,0,?,?,?,?,?,?,?,0
visitor 099.csv,?,?,0,?,0,?,0,1,?,?,0,0,?,?,?,?,?,1,?,2,?,0,?,?,0,2,?,0,?,0,0,0,?,?,?,3,0,0,0,1,?,?,0,0,0,?,?,0,?,?,?,?
visitor 100.csv,?,0,?,?,?,?,?,0,2,?,?,?,?,?,0,?,0,?,?,?,?,?,?,?,?,?,?,?,?,3,1,0,?,?,1,?,?,0,?,?,?,?,1,?,8,?,?,0,?,?,?,?
visitor 101.csv,?,0,0,?,?,?,?,?,1,?,?,?,0,?,?,?,0,1,?,0,?,?,0,?,0,?,?,?,?,1,0,?,?,?,0,1,0,?,?,?,?,?,0,1,1,?,?,0,?,?,?,?
visitor 102.csv,?,?,?,?,?,?,?,?,?,?,?,?,?,?,?,?,0,?,?,?,?,?,?,?,?,?,?,?,?,0,?,?,?,?,0,?,0,?,?,?,?,?,?,?,?,?,?,1,?,?,?,?
visitor 103.csv,?,0,0,?,?,?,?,0,2,?,0,?,?,?,0,0,100,?,?,?,?,?,?,?,1,0,?,?,?,1,?,?,?,?,?,?,?,?,?,?,?,?,?,?,?,?,?,2,0,0,?,?
visitor 104.csv,?,?,1,?,0,0,0,0,1,0,?,0,?,?,0,0,1,0,?,?,0,3,0,0,?,0,?,0,?,1,?,?,?,?,0,1,1,0,0,?,?,1,0,0,0,?,?,1,?,0,?,0
visitor 105.csv,?,?,0,0,0,?,?,?,0,?,1,0,?,?,0,0,2,0,?,?,?,?,0,?,?,0,?,?,?,0,?,?,?,?,0,0,0,?,0,?,?,?,?,0,1,?,?,0,?,?,?,?
visitor 106.csv,?,0,?,0,0,1,0,?,2,?,?,0,?,?,1,0,0,0,?,1,1,?,1,?,?,?,1,0,1,1,?,?,?,0,0,1,0,0,0,0,?,?,?,1,1,?,0,1,?,?,?,0
visitor 107.csv,?,?,?,?,?,0,?,?,?,?,?,?,?,?,0,?,?,?,?,?,?,0,?,?,?,?,?,0,?,0,?,0,?,?,?,0,?,1,?,?,?,6,?,0,1,?,?,1,?,?,?,?
visitor 108.csv,?,?,?,?,?,?,?,?,?,?,?,?,?,?,?,?,0,1,?,1,?,?,?,?,?,?,?,?,1,0,?,1,?,?,2,5,?,1,?,?,?,1,?,?,0,?,3,0,?,?,?,?
visitor 109.csv,?,?,?,?,?,?,1,?,?,?,?,?,?,?,?,?,0,?,?,2,?,?,?,?,0,?,?,0,?,0,?,3,?,?,?,?,?,7,?,?,?,7,0,0,2,?,?,0,?,0,?,?
visitor 110.csv,?,?,?,?,?,?,?,?,?,?,?,?,?,?,?,?,0,?,?,2,?,?,?,?,?,?,?,2,?,1,?,0,?,?,?,?,?,5,?,?,?,0,?,0,1,?,?,0,?,?,?,1
visitor 111.csv,?,?,?,0,1,?,?,?,?,?,?,?,?,?,?,0,?,0,?,0,?,1,?,?,0,?,?,0,?,0,?,?,?,?,0,0,?,0,?,?,?,2,?,0,5,?,?,0,?,?,?,1
visitor 112.csv,?,0,?,0,0,1,?,1,?,?,0,0,1,?,1,?,1,?,?,0,3,?,?,?,2,1,?,?,?,4,1,?,?,?,4,0,0,?,?,?,?,?,?,?,?,?,?,1,?,0,2,?
visitor 113.csv,?,0,1,0,0,0,0,3,0,?,0,0,?,?,1,?,1,0,?,0,0,0,0,0,1,3,1,0,0,1,?,0,?,?,4,1,0,1,?,1,?,?,0,0,1,?,0,1,?,0,?,0
visitor 114.csv,?,100,6,?,?,3,?,?,1,?,0,?,?,?,0,0,0,?,?,4,?,?,4,?,0,0,0,?,?,0,0,?,?,?,?,?,?,2,?,0,?,5,3,?,4,?,?,0,?,?,?,?
visitor 115.csv,?,?,?,0,3,1,?,0,?,0,0,?,?,?,2,?,1,2,?,1,?,?,0,1,1,2,2,?,1,?,?,2,?,?,1,3,?,?,0,?,?,?,?,?,?,?,0,1,?,0,?,0
visitor 116.csv,?,0,2,?,?,0,0,?,0,?,?,?,?,?,?,?,0,?,?,?,?,?,?,?,?,0,0,0,?,0,0,?,?,?,0,?,0,0,0,1,?,2,0,0,1,?,?,0,?,?,?,0
visitor 117.csv,?,0,3,?,?,?,?,0,1,?,?,?,?,?,?,?,?,?,?,?,?,?,?,0,?,?,?,?,0,?,?,?,?,?,?,?,0,0,?,?,?,3,0,?,1,?,?,0,?,?,?,0
visitor 118.csv,?,?,?,0,?,0,?,2,?,?,0,0,?,?,8,0,?,0,?,?,?,0,0,?,?,0,3,?,?,1,?,?,?,?,?,1,0,?,0,0,?,?,?,?,3,?,?,0,?,?,?,?
visitor 119.csv,?,0,0,?,1,1,?,0,0,?,0,1,?,?,2,0,?,0,?,2,?,0,?,?,?,1,2,?,?,0,0,1,?,?,?,2,0,?,?,?,?,0,?,1,1,?,?,?,?,?,?,?
visitor 120.csv,?,0,100,?,1,?,?,0,?,?,0,0,?,0,?,?,0,0,?,2,?,0,?,0,?,2,1,?,0,0,0,2,?,?,0,3,0,0,0,0,?,?,0,2,2,?,?,0,?,?,?,?
visitor 121.csv,?,?,?,?,?,0,?,?,?,5,0,?,?,?,4,?,0,?,?,?,?,?,?,1,?,?,?,0,?,?,?,?,?,?,?,?,?,1,?,?,?,?,0,0,4,?,?,?,?,?,?,?
visitor 122.csv,?,?,1,?,?,?,?,3,0,0,0,1,?,?,0,0,0,0,?,1,?,1,0,?,?,1,0,0,1,0,0,?,?,?,?,?,0,1,?,0,?,1,?,0,0,?,?,1,?,?,?,?
visitor 123.csv,?,?,0,?,1,?,?,?,?,?,?,0,?,?,?,?,?,0,?,0,?,0,?,?,?,?,?,0,0,0,?,0,?,?,1,1,?,0,0,?,?,?,?,1,0,?,?,?,?,?,?,?
visitor 124.csv,?,?,0,?,0,0,?,?,0,?,?,0,?,?,0,?,0,2,?,0,?,0,1,?,0,0,0,?,?,3,0,1,?,0,0,1,?,?,0,1,?,?,?,?,1,?,0,?,?,?,?,0
visitor 125.csv,?,0,?,?,?,?,?,?,?,?,?,0,?,?,?,?,0,0,?,0,?,1,?,?,0,?,?,?,1,0,?,1,?,?,0,?,0,?,?,?,?,?,0,0,1,?,?,2,?,0,?,1
visitor 126.csv,?,?,?,?,1,?,?,?,?,?,?,0,?,?,?,?,1,0,?,?,?,?,?,?,1,?,?,?,2,3,?,?,?,?,3,?,?,?,0,?,?,?,0,?,3,?,?,?,?,?,?,?
visitor 127.csv,?,?,0,0,?,?,?,0,0,?,?,?,?,?,?,?,0,?,?,?,?,?,?,?,0,?,1,?,?,0,?,?,?,?,1,?,?,?,?,?,?,?,?,0,0,?,?,0,?,?,?,?
visitor 128.csv,?,0,?,?,0,?,?,?,?,?,1,?,?,?,0,0,0,0,?,?,?,?,?,?,?,0,?,?,?,0,0,?,?,?,?,?,?,?,0,?,?,0,0,0,2,?,?,0,?,?,?,0
visitor 129.csv,?,?,?,0,?,?,?,?,?,1,1,?,?,?,0,?,0,0,?,?,?,0,0,1,0,0,?,?,?,2,?,1,?,?,0,?,?,0,?,?,?,?,?,0,2,?,?,1,?,?,?,?
visitor 130.csv,?,0,0,?,?,?,?,0,?,?,?,?,?,?,?,0,?,?,?,?,?,?,?,?,?,?,1,?,?,0,0,0,?,?,0,?,?,0,?,?,?,?,?,0,0,?,0,0,?,?,?,?
visitor 131.csv,?,?,0,?,?,0,?,?,0,?,?,?,?,?,?,?,0,?,?,?,?,?,0,?,?,?,0,?,?,0,?,0,?,?,?,?,?,?,?,?,?,0,0,?,3,?,?,1,?,?,?,?
visitor 132.csv,?,0,?,?,?,0,?,0,1,?,?,?,?,?,?,?,0,?,?,?,?,?,0,?,0,0,?,?,?,0,0,?,?,?,1,0,?,0,?,0,?,0,0,0,3,?,?,0,?,?,?,?
visitor 133.csv,?,0,0,?,0,0,?,0,1,?,3,?,?,?,2,0,0,0,?,0,?,0,0,?,1,2,1,?,0,0,0,0,?,?,1,0,0,?,0,0,?,?,?,?,?,?,?,0,?,?,?,?
visitor 134.csv,?,0,0,?,0,1,?,?,1,?,?,0,?,?,0,1,?,?,?,?,?,?,1,?,2,1,?,?,1,1,1,0,?,?,1,1,0,?,0,0,?,?,?,?,?,?,?,0,?,?,?,?
visitor 135.csv,?,?,?,?,?,?,?,?,?,?,?,?,?,?,0,?,?,?,?,?,?,?,?,?,?,?,?,?,?,?,?,0,?,?,0,?,?,1,?,?,?,6,?,0,2,?,?,?,?,100,?,?
visitor 136.csv,?,2,?,?,?,?,?,1,?,?,?,?,?,?,?,?,100,?,?,?,?,?,?,?,0,1,0,?,?,0,0,?,?,0,1,?,?,?,?,0,?,?,?,?,?,?,?,7,?,0,?,?
visitor 137.csv,?,0,1,?,?,?,0,?,?,2,?,?,1,?,3,0,1,?,0,0,?,?,?,?,0,0,0,0,?,0,?,?,?,?,0,?,0,0,?,?,3,0,0,0,1,?,3,2,?,0,0,0
visitor 138.csv,?,0,?,?,?,?,?,?,?,?,0,?,?,?,?,0,?,?,?,?,?,?,?,?,?,2,?,?,?,0,?,?,?,?,4,?,?,?,?,?,?,0,0,0,1,?,?,0,?,0,?,?
visitor 139.csv,?,?,?,?,?,0,?,?,0,?,?,?,?,?,0,0,?,?,?,1,?,?,?,?,1,0,?,?,?,1,?,?,?,?,1,?,0,0,?,?,?,2,0,0,0,?,?,?,?,?,?,?
visitor 140.csv,?,?,?,?,?,?,?,?,0,?,?,?,?,?,3,?,?,?,?,?,?,?,?,?,?,?,?,?,?,?,6,?,?,?,2,?,?,?,?,?,?,?,?,?,?,?,?,?,?,?,?,?
visitor 141.csv,?,?,?,1,?,?,?,0,?,?,1,?,?,?,0,0,?,?,?,?,?,?,0,?,1,1,1,?,?,2,0,?,?,?,1,?,?,?,?,0,?,3,?,0,1,?,?,0,?,1,?,?
visitor 142.csv,?,?,?,?,?,?,?,?,0,?,0,?,?,?,0,0,?,?,?,?,?,?,?,?,?,0,?,?,?,?,?,?,?,?,?,?,?,0,?,?,?,2,?,0,0,?,?,0,?,?,?,?
visitor 143.csv,?,?,?,?,?,1,?,1,?,?,0,?,0,?,0,?,0,?,?,?,0,?,?,0,?,1,2,?,?,1,0,3,?,?,4,?,0,?,?,0,?,?,?,?,?,?,?,1,?,?,?,?
visitor 144.csv,?,?,?,?,?,?,?,0,?,?,?,?,?,?,?,?,0,?,?,?,?,?,?,?,?,?,?,?,?,0,?,?,?,?,?,?,?,?,?,?,?,?,?,?,?,?,?,0,?,?,?,?
visitor 145.csv,?,?,?,?,?,?,0,?,?,?,0,?,?,?,0,0,5,?,?,?,?,?,1,?,?,?,0,0,?,0,?,?,?,?,0,?,0,1,?,?,?,?,0,0,0,?,?,0,?,?,?,?
visitor 146.csv,?,?,?,?,?,0,?,?,?,?,?,?,?,?,0,0,?,0,?,?,?,?,?,?,1,?,?,?,?,0,?,?,?,?,0,?,0,0,0,?,?,?,0,0,1,?,?,0,?,?,?,0
visitor 147.csv,?,?,?,?,?,?,?,0,?,?,?,?,?,?,0,?,3,?,?,?,?,?,1,?,?,?,?,?,?,?,?,?,?,?,0,?,?,?,?,?,?,?,?,0,3,?,0,0,?,?,?,0
visitor 148.csv,?,?,?,?,0,0,?,1,0,?,?,0,?,?,?,0,100,0,?,?,?,0,0,?,2,0,0,?,0,?,0,?,?,?,0,0,0,0,?,0,?,?,?,0,0,?,?,0,?,?,?,0
visitor 149.csv,?,0,?,0,0,?,0,?,0,?,?,1,?,?,?,?,?,?,?,?,?,0,0,2,?,0,0,0,?,0,0,0,?,?,?,0,0,0,?,0,?,?,2,?,1,?,0,0,?,?,?,1
visitor 150.csv,?,0,?,?,?,0,?,?,1,?,?,?,?,?,?,?,6,?,?,?,?,?,?,?,?,0,?,?,?,0,?,?,?,?,1,?,?,?,?,?,?,?,0,0,0,?,?,0,?,?,?,?
visitor 151.csv,?,1,?,?,?,1,?,0,0,?,0,0,?,?,0,0,1,0,?,0,?,0,?,?,0,1,?,?,0,0,0,?,?,?,2,?,0,?,0,0,?,?,?,?,0,?,?,0,?,?,?,?
visitor 152.csv,?,?,0,?,?,?,?,?,?,?,?,?,?,?,?,?,?,?,?,?,?,?,?,?,?,?,?,?,?,?,?,?,?,?,?,?,?,?,?,?,?,?,?,?,?,?,?,?,?,?,?,?
visitor 153.csv,?,0,0,?,?,0,?,0,0,0,0,?,0,?,?,0,?,0,?,?,?,?,0,?,0,0,0,?,?,0,0,0,?,?,2,?,?,?,?,0,?,?,?,?,?,?,?,2,?,0,?,?
visitor 154.csv,?,?,?,?,?,0,1,?,0,?,0,?,?,?,0,?,?,?,?,?,?,?,0,?,?,0,?,?,?,?,0,?,?,?,?,?,?,1,?,?,?,1,?,1,1,?,?,1,?,?,?,?
visitor 156.csv,?,1,0,?,?,0,?,?,0,?,?,?,?,?,1,?,?,?,?,?,?,?,1,?,1,0,?,0,?,?,?,?,?,?,2,?,?,4,?,?,?,?,?,?,0,?,?,1,?,?,?,?
visitor 157.csv,?,?,?,?,?,?,?,?,0,?,0,?,0,?,?,?,?,?,?,?,?,?,?,?,?,?,?,?,?,?,?,?,?,?,?,?,?,?,?,?,?,4,0,?,1,?,?,?,?,?,?,?
visitor 158.csv,?,?,3,0,2,?,?,?,1,?,?,1,?,?,?,?,?,0,?,4,?,0,?,?,0,0,?,0,4,3,0,5,?,?,4,0,0,4,0,2,?,?,?,2,0,?,?,1,?,?,?,3
visitor 159.csv,?,0,0,0,0,?,0,?,?,?,0,0,?,?,?,?,?,1,?,0,?,0,0,?,0,2,?,1,0,1,0,0,?,?,4,1,0,3,1,0,?,?,?,?,0,?,?,1,?,?,?,0
visitor 160.csv,?,?,?,0,?,?,?,?,?,?,?,0,?,?,?,?,0,?,?,?,?,0,?,?,0,?,?,0,?,0,?,?,?,?,0,0,0,0,0,?,?,?,?,0,1,?,?,2,?,?,?,?
visitor 161.csv,?,?,?,0,0,0,0,0,?,?,0,0,?,?,1,?,0,0,?,0,?,?,0,?,0,1,1,?,0,0,0,?,?,?,0,1,0,0,?,?,?,?,0,1,0,?,?,0,?,?,?,0
visitor 162.csv,?,0,?,0,?,?,?,1,?,?,0,0,?,?,?,0,0,0,?,2,1,0,?,?,1,0,?,0,0,1,?,0,?,?,?,0,?,1,?,?,?,0,0,0,0,?,?,0,?,?,?,?
visitor 163.csv,?,?,?,1,?,?,?,?,?,?,?,?,?,?,?,?,0,0,?,0,?,?,?,?,1,?,?,?,0,0,?,3,?,?,3,0,0,?,0,?,1,?,0,3,0,?,?,1,?,?,?,1
visitor 164.csv,?,?,0,?,?,?,?,?,?,?,?,?,?,?,?,?,0,2,?,0,?,?,?,?,?,1,?,?,?,?,?,2,?,?,0,?,?,?,?,?,?,2,?,?,0,?,?,1,?,?,?,?
visitor 165.csv,?,0,0,0,1,?,?,?,?,?,?,0,?,?,?,0,0,0,?,0,?,0,?,?,?,0,?,?,1,1,?,0,?,?,1,1,?,0,?,?,?,2,0,0,0,?,?,1,?,?,?,2
visitor 166.csv,0,0,0,1,1,1,?,1,2,?,0,0,?,?,0,0,3,0,?,0,?,0,1,?,0,1,0,?,0,2,?,0,?,?,0,0,0,?,0,?,?,?,?,?,?,?,?,0,?,?,?,0
visitor 167.csv,?,0,0,0,?,?,?,0,4,?,?,0,?,?,0,?,0,0,?,1,?,0,1,?,?,1,0,?,1,2,0,0,?,?,?,0,?,?,?,1,?,?,?,?,?,?,?,0,?,?,?,0
visitor 168.csv,3,?,?,?,?,?,?,3,0,?,?,?,?,?,2,0,3,?,?,?,?,?,0,?,0,?,?,?,?,0,?,?,?,?,5,?,?,?,?,?,0,?,0,0,1,?,?,2,?,?,?,?
visitor 169.csv,?,?,5,?,?,?,?,2,?,0,?,0,?,?,1,0,1,?,?,0,?,?,?,?,0,?,0,?,?,0,?,6,?,?,7,?,0,?,0,?,0,?,?,0,3,?,?,5,?,0,?,?
visitor 170.csv,?,?,?,0,?,?,?,?,?,?,?,?,?,?,?,?,?,0,?,?,?,0,0,?,?,0,?,?,0,?,?,?,?,0,?,0,0,0,0,?,?,0,0,0,1,?,?,1,?,100,?,?
visitor 171.csv,?,?,?,?,?,?,0,?,?,?,?,?,?,?,?,?,0,?,?,0,?,?,?,?,?,?,?,0,?,0,?,?,?,?,1,?,0,0,?,?,?,1,?,0,0,?,?,1,?,?,?,?
visitor 172.csv,?,?,1,1,?,?,?,?,?,?,?,?,?,?,?,?,?,1,?,?,?,?,?,?,1,?,?,?,0,0,?,?,?,?,0,0,?,?,?,?,?,?,?,0,0,?,?,0,?,?,?,?
visitor 173.csv,?,?,0,0,?,?,?,?,?,?,?,1,?,?,?,?,0,0,?,?,?,2,?,?,?,?,?,?,0,0,?,0,?,?,1,?,?,?,0,?,?,?,?,0,0,?,?,3,?,?,?,?
visitor 174.csv,?,?,?,?,2,?,?,?,?,?,?,?,?,?,?,?,?,?,?,?,?,0,?,?,0,?,?,?,0,0,?,?,?,?,1,2,0,?,?,?,?,?,?,0,0,?,?,1,?,?,?,?
visitor 175.csv,?,?,0,?,?,?,?,?,?,?,?,?,?,?,?,?,?,?,?,?,?,?,?,?,?,?,?,?,?,0,?,?,?,?,?,?,?,?,?,?,?,?,?,0,1,?,?,0,?,?,?,?
visitor 176.csv,0,?,0,?,0,?,?,?,?,?,?,0,?,?,1,?,?,0,?,?,?,?,?,?,?,0,0,?,?,0,0,?,?,?,?,?,0,0,?,0,?,0,0,?,1,?,?,?,?,0,?,0
visitor 177.csv,6,?,?,?,?,3,?,2,5,?,1,?,?,?,0,0,1,?,?,0,?,?,1,?,?,0,0,?,?,0,0,0,?,?,?,?,?,?,?,0,?,?,?,0,0,?,2,?,?,?,?,?
visitor 178.csv,0,?,0,?,?,?,2,?,2,0,0,0,0,?,0,0,0,0,?,0,0,?,?,?,?,0,?,1,?,0,0,?,?,?,1,?,0,2,?,2,?,?,?,0,1,?,?,4,2,0,?,?
visitor 179.csv,?,?,1,?,?,?,1,0,1,?,0,0,?,?,0,?,8,1,0,?,0,?,?,0,?,0,?,3,?,1,0,0,?,?,0,?,?,2,?,2,?,?,?,0,0,?,0,5,3,0,?,0
visitor 180.csv,?,?,?,0,0,?,?,?,?,?,?,?,0,?,0,0,1,0,?,?,0,?,0,?,0,0,?,?,0,0,?,1,?,?,0,0,0,?,0,?,0,1,?,0,2,?,?,0,?,0,?,?
visitor 181.csv,?,?,0,0,0,?,?,?,0,?,?,?,?,?,?,0,?,0,?,?,0,?,?,?,?,0,?,?,0,?,?,?,?,?,0,0,0,0,0,?,?,?,?,0,0,?,?,0,?,?,?,1
visitor 182.csv,?,?,0,?,?,?,0,?,?,?,?,?,?,?,?,?,2,?,?,?,?,?,?,?,?,?,?,0,?,0,?,0,?,?,0,?,?,3,?,?,?,?,?,?,1,?,0,0,?,?,?,?
visitor 183.csv,0,?,?,?,?,?,0,?,0,?,?,?,?,?,0,?,?,?,?,?,?,?,?,?,0,?,0,0,?,0,?,?,?,?,0,0,?,0,?,0,?,0,0,?,0,?,?,1,?,?,?,?
visitor 184.csv,?,?,0,0,1,?,?,?,?,?,?,0,?,?,?,?,?,1,?,0,?,0,?,?,1,?,?,?,2,0,?,0,?,?,1,3,0,?,0,?,?,?,?,?,?,?,1,1,?,?,?,2
visitor 185.csv,0,0,?,?,0,0,?,?,?,0,0,?,?,?,0,?,?,0,?,?,?,0,?,?,0,0,0,?,0,0,?,?,?,?,1,3,0,?,?,?,1,?,?,1,0,?,?,1,?,?,?,0
visitor 186.csv,?,?,0,0,?,?,?,0,?,0,?,0,?,?,?,?,0,0,?,0,?,?,?,?,0,?,?,?,?,1,?,0,?,?,0,?,0,?,?,?,?,?,0,0,1,?,?,1,?,?,?,?
visitor 187.csv,?,?,0,?,?,1,?,?,?,?,?,?,?,?,?,0,0,?,?,?,?,?,0,?,0,?,?,?,?,0,?,?,?,?,0,?,?,?,?,?,?,?,?,?,?,?,?,1,?,?,?,?
visitor 188.csv,?,?,?,0,?,?,?,0,?,1,0,3,1,?,0,?,0,?,1,?,0,0,?,1,1,3,100,?,?,0,?,2,?,?,?,?,0,?,?,0,?,3,?,0,0,?,0,1,?,?,?,?
visitor 189.csv,?,?,?,?,?,?,1,?,?,0,?,?,0,?,?,?,?,?,0,?,0,?,?,?,?,?,?,?,?,0,?,?,?,?,?,?,?,0,?,?,?,0,?,?,1,?,?,?,?,?,?,?
visitor 190.csv,?,0,?,?,?,0,?,1,0,0,0,0,?,?,0,0,?,0,?,0,?,?,0,?,0,0,0,?,?,1,1,0,?,?,3,0,0,0,0,0,?,2,?,0,0,?,?,0,?,0,?,0
visitor 191.csv,0,0,?,?,?,0,?,0,?,?,?,0,?,?,0,0,?,0,?,2,?,?,?,?,0,2,0,?,?,1,1,?,?,?,3,3,0,?,0,0,?,2,?,0,0,?,?,1,?,0,?,0
visitor 192.csv,0,?,?,3,0,?,?,?,?,0,?,0,?,?,0,?,?,1,?,0,?,0,0,?,?,2,?,?,?,0,0,?,?,?,0,0,?,0,0,?,?,?,0,0,0,?,?,?,?,?,?,?
visitor 193.csv,?,1,?,0,1,1,1,3,1,0,?,0,?,?,1,0,?,0,?,?,?,1,?,?,2,3,?,2,0,2,1,3,?,?,3,2,0,3,1,1,?,8,?,0,0,?,0,3,?,0,0,?
visitor 194.csv,?,?,0,?,1,?,?,2,?,?,?,0,?,?,?,?,0,0,?,0,?,0,?,0,0,1,0,?,0,0,?,2,?,?,1,1,?,?,0,0,0,?,0,0,3,?,?,0,?,0,4,1
visitor 195.csv,0,?,?,0,?,?,?,?,0,1,?,0,0,?,?,?,?,?,?,?,?,0,1,0,?,?,?,0,?,?,?,?,?,?,?,1,0,0,?,?,?,?,?,0,5,?,0,0,?,?,1,?
visitor 196.csv,?,?,1,?,?,0,0,0,?,?,?,0,?,?,1,0,?,2,?,?,?,?,?,?,?,?,?,1,?,0,?,1,?,?,2,2,?,0,1,?,?,7,?,0,0,?,?,1,?,?,?,?
visitor 197.csv,0,?,?,?,?,?,?,?,0,?,?,?,?,?,1,?,1,?,?,?,?,?,?,?,?,?,?,?,?,2,?,?,?,?,1,?,?,?,?,0,?,2,?,0,1,?,?,6,?,?,?,?
visitor 198.csv,?,?,1,?,?,?,?,0,?,?,0,0,?,?,?,?,4,0,?,0,?,?,?,?,1,1,0,?,?,1,?,2,?,?,0,?,0,?,0,0,?,3,?,0,3,?,?,2,?,0,?,?
visitor 199.csv,0,?,?,2,0,?,?,?,0,0,?,1,?,?,?,?,2,?,?,?,?,?,0,?,0,0,?,?,?,0,0,0,?,?,2,0,0,?,?,2,?,3,?,0,0,?,?,1,?,?,?,?
visitor 200.csv,?,?,?,?,0,?,?,0,?,?,0,?,?,?,?,?,0,0,?,?,?,?,?,?,0,3,?,?,?,0,?,0,?,?,1,1,?,?,0,?,?,?,?,?,?,?,?,3,?,?,?,?
visitor 201.csv,?,?,?,0,?,?,?,?,0,?,?,0,?,?,0,0,0,0,?,?,0,?,?,?,?,?,?,?,?,0,?,?,?,?,3,?,?,?,?,?,?,?,?,0,0,?,?,2,?,0,?,?
visitor 202.csv,?,?,0,?,?,0,?,0,?,0,?,2,?,?,0,?,1,0,?,?,0,?,0,0,0,?,?,?,0,0,?,0,?,?,2,?,0,?,?,?,?,0,?,?,0,?,0,4,?,0,?,0
visitor 203.csv,?,0,0,?,?,0,?,0,2,0,?,?,0,?,?,?,?,?,?,0,0,?,0,?,?,0,?,0,?,0,?,?,?,?,0,?,?,1,?,?,?,?,?,0,?,?,?,0,?,?,0,?
visitor 204.csv,0,?,?,?,?,0,0,1,1,0,?,?,0,?,0,?,?,?,?,?,0,?,0,?,?,?,?,?,?,0,?,0,?,?,0,?,?,1,?,?,0,?,?,0,0,?,?,0,?,?,0,?
visitor 205.csv,?,?,?,?,?,?,?,2,?,?,?,?,?,?,?,?,0,?,?,?,?,?,?,?,0,0,3,?,?,0,?,?,?,?,4,?,?,?,?,0,?,?,?,?,?,?,?,4,?,?,?,?
visitor 206.csv,1,?,?,?,?,?,?,0,?,?,?,?,?,?,0,?,0,?,?,?,?,?,?,?,0,?,?,?,?,0,?,?,?,?,?,?,0,?,?,?,?,?,?,0,5,?,?,?,?,?,?,?
visitor 207.csv,?,?,?,?,?,?,?,?,?,?,?,?,?,?,?,?,0,?,?,0,0,?,?,?,?,?,?,0,?,0,?,0,?,?,5,?,0,1,?,?,?,?,?,?,1,?,?,3,?,?,?,?
visitor 208.csv,?,?,0,0,0,0,0,?,?,?,?,?,?,?,?,?,?,0,0,0,0,?,?,?,?,0,0,?,?,?,?,?,?,?,?,?,?,0,?,?,0,?,0,0,1,?,?,0,?,?,?,?
visitor 209.csv,?,?,0,?,?,?,?,?,?,?,?,?,?,?,?,0,?,0,?,?,?,?,?,?,0,?,?,?,?,0,?,1,?,?,?,?,?,?,?,?,?,?,?,0,0,?,?,?,?,?,?,?
visitor 210.csv,?,?,?,?,?,?,?,?,?,?,?,?,?,?,0,?,?,?,?,?,?,?,?,?,0,?,?,?,?,0,?,?,?,?,?,?,?,?,?,?,?,?,?,?,0,?,?,0,?,?,?,?
visitor 211.csv,?,?,?,?,?,?,?,?,?,?,?,?,0,?,?,?,4,?,?,?,?,?,?,?,?,0,4,?,?,0,?,?,?,?,0,?,?,?,?,?,?,?,?,?,?,?,?,1,0,?,?,?
visitor 212.csv,?,?,0,0,?,?,?,?,0,0,?,0,?,?,?,?,?,0,?,0,0,?,0,?,?,0,?,?,?,1,?,2,?,?,1,0,?,?,?,?,?,0,0,0,0,?,?,?,0,0,?,?
visitor 213.csv,?,?,0,3,0,?,?,?,?,?,?,?,0,?,0,?,0,0,?,1,?,?,?,0,3,?,?,?,?,0,?,1,?,?,100,2,2,?,1,?,0,1,?,0,0,?,0,2,0,0,?,?
visitor 214.csv,?,?,?,?,?,?,?,?,?,?,?,?,?,?,?,?,2,?,?,?,?,?,?,?,?,?,0,?,?,?,0,?,?,?,5,?,?,?,?,?,?,?,?,?,0,?,?,3,?,?,?,?
visitor 215.csv,?,?,0,?,?,?,?,?,?,?,?,?,?,?,?,?,0,?,?,?,?,?,?,?,?,?,?,0,?,1,?,?,?,?,0,?,0,?,?,?,?,?,?,0,0,?,?,1,?,?,?,?
visitor 216.csv,?,?,0,?,?,?,?,?,?,?,?,?,?,?,?,?,0,0,?,?,?,?,?,?,?,?,?,0,?,0,?,?,?,?,0,?,0,?,?,?,?,0,?,?,0,0,?,0,?,?,?,?
visitor 217.csv,?,?,?,?,?,?,?,0,?,?,?,?,?,?,?,?,1,?,?,?,?,?,?,?,?,?,?,?,?,0,?,?,?,?,?,?,?,?,?,?,?,?,?,?,?,?,?,0,?,?,?,?
visitor 218.csv,?,?,?,?,?,?,?,?,?,?,?,?,?,?,?,?,0,?,?,?,?,?,?,?,?,?,?,?,?,0,?,?,?,?,0,?,?,?,?,?,?,?,?,?,?,?,?,0,?,?,?,?
visitor 219.csv,?,1,0,?,?,1,1,3,0,3,?,?,?,?,0,?,?,?,?,0,?,?,0,2,1,1,1,0,?,1,0,?,?,?,?,?,?,1,?,1,?,8,?,3,4,?,1,?,?,0,?,0
visitor 220.csv,?,?,0,?,?,0,?,?,?,?,?,?,?,?,3,?,2,?,?,0,?,?,?,?,0,?,?,?,?,0,?,2,?,?,0,?,0,?,?,?,?,?,?,1,1,?,?,2,?,?,?,0
visitor 221.csv,?,?,0,?,?,0,?,?,?,?,?,?,?,?,1,?,0,?,?,0,?,?,?,?,?,?,?,?,?,0,?,2,?,?,?,?,?,?,?,?,?,?,?,1,1,?,?,5,?,?,?,0
visitor 222.csv,?,?,?,?,?,?,0,?,?,0,?,?,?,?,0,?,0,?,?,?,?,?,?,?,0,0,?,0,?,0,0,0,?,?,0,?,?,0,0,?,?,?,?,?,2,?,?,0,?,?,?,?
visitor 223.csv,0,?,?,?,?,?,?,?,?,?,?,0,?,?,?,0,2,0,?,0,?,0,0,?,1,?,?,?,?,0,0,0,?,?,1,0,100,?,?,?,?,?,?,0,0,?,?,2,?,0,?,0
visitor 224.csv,0,?,?,?,0,?,?,?,?,?,?,3,?,?,0,?,2,0,?,?,?,?,?,?,1,?,?,?,?,2,?,?,?,?,2,1,0,?,0,?,?,?,?,0,1,?,?,1,0,?,?,?
visitor 225.csv,?,?,?,?,?,?,?,?,?,?,?,?,?,?,?,?,1,0,?,?,?,?,?,?,0,?,?,?,?,1,?,?,?,?,0,?,100,?,?,?,?,?,?,?,?,?,?,1,?,?,?,?
visitor 226.csv,?,0,?,?,?,0,?,?,?,?,?,?,?,?,0,?,0,?,?,?,?,?,0,?,?,0,0,?,?,0,0,?,?,?,?,?,?,?,?,0,?,?,?,?,?,?,?,0,?,?,?,?
visitor 227.csv,?,?,0,1,?,?,?,0,?,1,?,0,1,?,?,?,?,0,0,?,?,0,?,0,0,0,?,?,0,0,?,3,?,?,?,?,?,?,0,?,?,1,?,0,0,2,?,0,0,0,?,?
visitor 228.csv,?,?,3,0,?,?,?,?,?,1,?,?,?,?,?,?,0,0,2,?,?,?,?,0,0,?,1,?,?,7,?,2,?,?,?,?,0,?,0,?,?,2,?,0,0,?,?,0,?,?,?,?
visitor 229.csv,?,?,0,?,?,?,?,0,?,?,?,?,?,?,?,?,1,?,?,?,?,?,?,?,?,0,?,?,?,0,?,?,?,?,?,?,?,?,?,?,?,1,?,0,2,0,?,0,?,?,?,?
visitor 230.csv,?,?,?,?,?,?,?,?,?,?,?,?,?,?,?,?,0,?,?,?,?,?,?,?,?,?,?,?,?,?,?,?,?,?,?,?,?,?,?,?,?,?,?,?,?,?,?,0,?,?,?,?
visitor 231.csv,0,?,?,?,?,?,?,0,0,?,?,?,?,?,?,0,0,?,?,?,?,?,?,?,?,0,?,?,?,0,?,?,?,?,?,?,?,?,?,?,?,?,?,?,0,0,?,1,?,0,?,?
visitor 232.csv,?,?,?,?,?,?,?,?,?,?,?,?,?,?,?,?,?,?,?,?,?,?,?,?,?,?,?,?,?,0,?,?,?,?,0,?,0,?,?,?,?,?,?,?,?,?,?,0,?,?,?,?
visitor 233.csv,0,0,?,?,?,?,?,?,?,?,?,?,?,?,0,?,?,?,?,?,?,?,0,?,0,?,?,?,?,0,?,?,?,?,0,?,0,?,?,?,?,0,?,?,?,2,?,0,?,?,?,?
visitor 234.csv,?,?,?,?,?,0,?,?,?,?,?,?,?,?,0,0,?,?,?,?,?,?,?,?,?,1,?,?,?,0,?,?,?,?,0,?,?,?,?,?,?,?,?,0,0,?,?,0,?,?,?,?
visitor 235.csv,?,0,0,?,0,?,?,1,2,?,?,1,?,?,0,?,3,0,?,0,?,?,?,?,0,2,?,?,?,2,0,2,?,?,2,?,?,0,?,1,?,2,?,1,2,?,?,1,?,?,?,1
visitor 236.csv,?,?,?,?,0,0,?,0,0,?,?,1,?,?,?,?,5,1,?,2,?,?,0,?,0,0,1,?,?,1,?,?,?,?,5,?,?,?,?,2,?,1,?,0,1,?,?,2,?,0,?,1
visitor 237.csv,?,?,?,?,?,?,?,?,?,?,?,?,?,?,?,?,1,?,?,?,?,?,?,?,0,?,?,?,?,0,?,?,?,?,0,?,0,?,?,?,?,?,?,?,4,?,?,2,?,?,?,?
visitor 238.csv,?,0,?,0,?,0,?,0,?,?,?,0,?,?,?,0,?,?,?,0,?,0,1,?,0,1,0,?,?,0,1,?,?,?,0,?,0,0,0,0,?,0,?,0,1,?,1,0,?,?,?,?
visitor 239.csv,?,?,?,?,?,?,?,?,?,3,?,?,?,?,?,?,?,?,?,?,?,?,?,?,?,?,?,?,?,?,?,?,?,?,0,?,?,?,?,?,?,?,?,?,?,?,?,0,?,0,?,?
visitor 240.csv,?,?,0,?,?,0,?,0,0,?,?,?,?,?,0,?,1,0,0,?,?,?,?,?,?,0,?,?,?,0,?,0,?,0,0,?,0,?,?,?,?,?,?,0,0,0,?,0,?,0,?,0
visitor 241.csv,?,?,0,?,?,?,?,0,?,?,?,?,?,?,0,?,0,0,?,0,?,?,?,?,0,?,?,?,?,0,?,0,?,?,0,?,0,?,0,?,?,?,?,?,0,?,?,0,?,?,?,0
visitor 242.csv,?,?,?,?,?,?,?,?,?,?,?,?,?,?,0,?,0,?,?,0,?,?,?,?,0,?,?,0,?,0,?,0,?,0,0,?,0,?,?,?,?,1,?,0,0,?,?,0,?,?,?,0
visitor 243.csv,?,?,?,?,?,?,?,?,?,?,?,?,?,?,0,?,0,?,?,0,?,?,?,?,0,?,?,0,?,0,?,0,?,0,0,?,0,?,?,?,?,1,?,0,0,?,?,0,?,?,?,0
visitor 244.csv,?,?,?,?,?,?,?,?,?,0,?,?,?,?,?,?,0,?,?,?,?,?,?,?,0,?,?,?,?,0,?,0,?,?,0,?,?,?,?,?,?,?,?,0,0,?,?,0,?,?,?,?
visitor 245.csv,?,?,?,?,?,?,?,?,0,?,?,?,?,?,?,0,0,?,?,?,?,?,?,?,?,0,0,?,?,0,?,?,?,?,?,?,?,?,?,0,?,?,?,?,?,?,?,0,?,?,?,0
visitor 246.csv,0,0,0,?,0,2,?,0,1,?,?,0,?,?,0,0,1,0,?,?,?,?,1,?,1,1,0,?,0,0,?,0,0,?,?,?,0,2,0,?,?,3,?,0,0,0,?,1,?,?,?,?
visitor 247.csv,?,?,?,0,?,?,0,?,?,?,?,0,?,?,0,1,0,0,?,?,?,?,?,?,0,1,?,0,0,0,0,0,?,?,1,?,?,0,?,0,?,0,?,0,0,?,?,0,?,?,?,?
visitor 248.csv,0,0,0,0,0,1,0,0,?,?,?,0,?,?,0,0,2,0,?,?,?,?,0,?,0,3,?,0,?,0,?,0,?,?,0,?,0,1,0,1,?,2,?,0,0,0,?,0,?,?,?,?
visitor 249.csv,?,?,0,?,?,?,?,?,?,?,?,?,?,?,0,?,2,?,?,?,?,?,?,0,1,?,?,?,?,0,?,?,?,0,?,?,0,?,?,?,?,?,?,0,0,?,?,0,?,?,?,?
visitor 250.csv,?,?,0,?,?,?,?,?,?,?,?,?,?,?,?,?,1,?,?,?,?,?,?,?,0,?,?,?,?,0,?,0,?,?,?,?,?,?,?,?,?,3,?,?,1,?,?,1,?,?,?,?
visitor 251.csv,?,?,?,0,0,?,?,?,0,?,?,0,?,?,0,0,0,0,?,?,?,?,?,?,?,?,?,?,0,0,?,0,?,?,0,?,0,?,0,?,?,?,?,0,2,?,?,0,?,?,?,?
visitor 252.csv,?,?,0,?,?,?,0,?,?,?,?,?,?,?,?,?,0,?,?,?,?,?,0,?,0,0,?,?,?,0,?,?,?,?,0,?,?,?,?,0,?,?,?,?,0,?,?,1,?,?,?,?
visitor 253.csv,0,1,?,0,0,1,?,1,?,0,?,0,?,?,0,?,1,0,?,?,0,?,1,?,1,2,0,0,0,1,0,0,0,?,0,?,0,0,?,?,?,?,?,0,1,?,0,0,?,0,?,0
visitor 254.csv,?,?,?,?,?,0,?,0,0,?,?,?,?,?,?,?,?,?,?,?,?,?,?,?,?,?,?,?,?,?,?,?,?,?,?,?,?,?,?,?,?,?,?,?,?,?,?,0,?,?,?,?
